,,,,,,,,,,,,,,,,,,,,,,
EXPORTER NAME: STYLE TEXTILE (PRIVATE) LTD,,,,,,,,,INVOICE NO:,,518368,,TOTAL CTN,NET WEIGHT,NET NET W,REACTIVE,DISPERSE,WHITE,TOTAL QTY,,,
"ADDRESS: 126/3, Kot Lakhpat Industrial Estate, Lahore - Pakistan,Tel # :(92-42) 35113064 - 65   Fax # :(92-42) 35113066",,,,,,,,,DOCUMENT DATE:,,23-May-24,0.1980779221,16,115.388,106.764,,,539,539,,,
CONSUMPTION SHEET UNDER SRO 957 (I) 2021 DATED. 30-JULY-2021  AGAINST IMPORTED RAW MATERIAL EXPORT WITH (EFS) LICENSE NO. EFS-LEXP-0657810-227 DATED. 06-06-2023,,,,,,,,,,,,,,,,,,,,,,
,1,2,3,4,5,6,7,8,9,10,11,12,13,14,15,16,17,18,19,20,,
HS CODE:,6109.9090,6109.1000,6103.4200,6103.4900,6104.6200,6104.6900,6103.3200,6103.3900,6104.3200,6104.3900,6110.2000,6110.9000,6103.2200,6103.2900,6104.2200,6104.2900,6105.1000,6105.9000,6104.5200,6104.5900,,
DESCRIPTION:,M/W 80%-20% T-SHIRTS,M/W 100% T-SHIRTS,MEN PANT 100%,MEN 80%-20% PANT,WOMEN 100% PANTS,WOMENS 80%-20% PANTS,MENS 100% JACKETS,MENS 80%-20 JACKETS,WOMENS 100% JACKETS,WOMENS 80%-20% JACKETS,M/W 100% PULLOVER,M/W 80%-20% PULLOVER,MENS 100% SUIT,MENS 80%-20 SUIT,WOMENS 100% SUIT,WOMENS 80%-20% SUIT,100% SHIRT OR CROCHETED,80% 20% SHIRT OR CROCHETED,100% SKIRTS,80%-20% SKIRTS,,
CTN PCS,,,,,,,,,,,,,,,,,,,,,0,
POLSTER PCS,,,,,,,,,,,,,,,,,,,,,0,
WHITE,,,,,,,,,,,,,,,,,,,,,0,
TOTAL PCS,0,0,0,0,0,0,0,0,0,0,0,0,0,0,0,0,0,0,0,0,0,
N N WEIGHT:,0,0,0,0,0,0,0,0,0,0,0,0,0,0,0,0,0,0,0,0,0.00,
ANALYSIS NO:,LEXP-0657810-870-19-01-2024,LEXP-0657810-871-19-01-2024,LEXP-0657810-872-22-01-2024,LEXP-0657810-873-22-01-2024,LEXP-0657810-874-22-01-2024,LEXP-0657810-875-22-01-2024,LEXP-0657810-876-22-01-2024,LEXP-0657810-877-22-01-2024,LEXP-0657810-878-22-01-2024,LEXP-0657810-879-22-01-2024,LEXP-0657810-880-22-01-2024,LEXP-0657810-881-22-01-2024,LEXP-0657810-882-22-01-2024,LEXP-0657810-883-22-01-2024,LEXP-0657810-884-22-01-2024,LEXP-0657810-885-22-01-2024,LEXP-0657810-887-23-01-2024,LEXP-0657810-886-23-01-2024,LEXP-0657810-888-23-01-2024,LEXP-0657810-889-23-01-2024,,
,,,,,,,,,,,,,,,,145.88,,,,,,
CONSUMPTION OF RAW MATERIAL  IMPORTED & LOCALY PROCURED  UNDER SRO 957 (I) 2021 DATED. 30-JULY-2021(EFS-EXPORT FACILTAION SCHEME),,,,,,,,,,,,,,,1819,,,,,,,
DESCRIPTION OF GOODS,,,"Import 
Hs Code",PER UNIT VALUE ,Export Qty Pcs/Ctn/Kg,IOCO Ratio,B/E No/PACKAGE NO/PURCHASE INV#,Date,"Import 
Qty",ALREADY CONSUMED,NOW CONSUMED,Balance Qty,Total Consumed Value $,,,492 CONSUMPTION IN KGS,VALUE CHECKER,,,,,
CONSUMPTION OF IMPORTED RAW MATERIAL,,,,,,,,,,,,,,,,,,,,,,
 REACTIVE DYES ,,,3204.1600,  16.3147 ,,0.02340,LPAF-FS-48735,3-Apr-24,  425 ,424.0314,0.0000,0.9686,0.0000,424.03,,8.62,1965.00,,,,,
 DISPERSE DYES  ,,,3204.1110,  8.9500 ,,0.00540,KAPS-FS-97518,27-Feb-24,"  5,000 ",3007.6542,0.0000,1992.3458,0.0000,3007.65,,0.51,145.88,,,,,
 PRINTING GUM  ,,,3809.9110,  23.0000 ,,0.07200,KAPS-FS-117905,16-Apr-24,"  2,000 ",1991.0880,0.0000,8.9120,0.0000,1991.09,,8.11,1819.12,,,,,
 NON-WOVEN INTERLINING ,,,5603.9200,  11.2504 ,,0.00760,KAPS-FS-60389,6-Dec-23,"  4,523 ",1413.5612,0.0000,3108.9388,0.0000,1413.56,,,,,,,,
 KNITTED FABRIC ,,,6006.9090,  13.0091 ,539,0.01204,LPAF-FS-21939,7-Nov-23,"  8,295 ",4941.1919,6.4896,3347.3185,84.4233,4947.68,,,,,,,,tm
 INK ,,,3215.1920,  10.0000 ,,0.04688,KAPW-FS-114854,29-Jan-24,"  2,000 ",1987.2656,0.0000,12.7344,0.0000,1987.27,,,,,,,,
 WETSOFT SILICONE ,,,3910.0000,  2.4000 ,539,0.00450,KAPS-FS-101712,7-Mar-24,"  17,100 ",13039.0920,2.4255,4058.4825,5.8212,13041.52,,,,,,,,
 HYDROGEN PEROXIDE ,,,2847.0000,0.39500,539,0.02700,KAPW-FS-154354,8-Apr-24,"  40,800 ",5323.5900,14.5530,35461.8570,5.7484,5338.14,496726,,,,,,,
CONSUMPTION OF LOCAL PURCHASED  RAW MATERIAL,,,,,,,,,,-,,,,-,,,PER UNIT RATE PKR,,,,,
Kieralon Extra LF liq,,,3402.4200,  1.7719 ,539,0.00900,HCSE-PF-1213,27-Feb-24,3000.00,2671.8120,4.8510,323.3370,8.5956,2676.66,,,505.00,1.771929825,,,,
Sewing Thread,,,5401.1000,  11.0193 ,,0.01860,KPEX-PF-194562,7-May-24,27600.46,27754.3062,0.0000,-153.8512,0.0000,27754.31,,,3140.50,11.01930772,,,,
Label,,,5807.1090,  44.4209 ,539,0.00006,KPPE-PF-197684,13-Mar-24,806.06,411.0835,0.0323,394.9402,1.4366,411.12,,,12659.96,44.42091228,,,,
SODIUM SULPHATE ANHYDROUS ,,,2833.1100,  0.2140 ,539,0.07500,28032024-A-078096,17-Feb-24,120000.00,2798.3250,40.4250,117161.2500,8.6524,2838.75,,,61.00,0.2140350877,,,,
,,,,,,,,,,,,,114.68,,,,,,,,,
CONSUMPTION OF ACCESSORIES IMPORTED UNDER SRO. 492(I)/ 2009,,,,,,,,,,,,,,,,,,,,,,
DESCRIPTION OF GOODS,,,"Import 
Hs Code",PER UNIT VALUE,Export Qty Pcs/Ctn/Kg,Formula Kg/Set/Pcs,B/E No,Date,"Import 
Qty",ALREADY CONSUMED,Now Consume,Balance Qty,Total Consumed Value $,,,,,,,,,
Label,,,5807.9000,82.686,539,0.0005488,LPAF-TI-22872,13-Nov-23,543.000,57.8668,0.2958,484.8374,24.4606,58.16,,,,,,,,
TAGS,,,4821.1090,31.245,539,0.0004003,LPFI-TI-29608,5-Mar-24,42.900,22.5189,0.2158,20.1653,6.7412,22.73,,,,,,,,
TAGS,,,4821.1090,223.080,,0.0033333,LPAF-TI-34031,8-Apr-24,1.000,0.0000,0.0000,1.0000,0.0000,0.00,,,,,,,,
DRAW CORDS,,,5806.3900,34.596,,0.0051065,LPAF-TI-22463,10-Nov-23,1600.000,1472.2239,0.0000,127.7761,0.0000,1472.22,,,,,,,,
ZIPPER,,,9607.1100,21.888,,0.0118910,PQZI-EP-19319,27-Jan-23,1478.300,4.4116,0.0000,1473.8884,0.0000,4.41,,,,,,,,
HANGER,,,3926.9099,8.726,,0.0246912,LPAF-TI-31057,26-Dec-23,1679.000,899.7712,0.0000,779.2288,0.0000,899.77,,,,,,,,
SEWING BUTTON,,,9606.2920,127.140,,0.0005624,LPFI-TI-25760,19-Jan-23,191.000,28.6468,0.0000,162.3532,0.0000,28.65,,,,,,,,
,,,,,,,,,492 CONSUMPTION,,0.51,,31.20,,,,,,,,,
HS CODE WISE CONSUMPTION,,,,,,,,,,,,,,,,,,,,,,
1,,,,,,,,,,,,,,,,,,,,,,
HS CODE,,DESCRIPTION,,PIECES,,NET NET WEIGHT,,T-SHIRT,,,,,,,,,,,,,,
6109.9090,,M/W 80%-20% T-SHIRTS,,0,,0.00,,LEXP-0657810-870-19-01-2024,,,,,,,,,,,,,,
CONSUMPTION OF RAW MATERIAL  IMPORTED UNDER SRO 957 (I) 2021 DATED. 30-JULY-2021(EFS-EXPORT FACILTAION SCHEME),,,,,,,,,,,,,,,,,,,,,,
DESCRIPTION OF GOODS,,,"Import 
Hs Code",PER UNIT VALUE,Export Qty Pcs/Ctn/Kg,Formula Ratio,B/E No,Date,"Import 
Qty",ALREADY CONSUMED,NOW CONSUMED,Balance Qty,Total Consumed Value $,,,,,,,,,
CONSUMPTION OF IMPORTED RAW MATERIAL,,,,,,,,,,,,,,,,,,,,,,
 REACTIVE DYES ,,,3204.1600,16.315,,0.02340,LPAF-FS-48735,3-Apr-24,  425 ,424.0314,0.0000,  1 ,0.00,,,,,,,,,
 DISPERSE DYES  ,,,3204.1110,8.950,,0.00540,KAPS-FS-97518,27-Feb-24,"  5,000 ",3007.6542,0.0000,"  1,992 ",0.00,,,,,,,,,
 PRINTING GUM  ,,,3809.9110,23.000,,0.07200,KAPS-FS-117905,16-Apr-24,"  2,000 ",1991.0880,0.0000,  9 ,0.00,,,,,,,,,
 NON-WOVEN INTERLINING ,,,5603.9200,11.250,,0.00760,KAPS-FS-60389,6-Dec-23,"  4,523 ",1413.5612,0.0000,"  3,109 ",0.00,,,,,,,,,
 KNITTED FABRIC ,,,6006.9090,13.009,0,0.01204,LPAF-FS-21939,7-Nov-23,"  8,295 ",4941.1919,0.0000,"  3,354 ",0.00,,,,,,,,,
 INK ,,,3215.1920,10.000,,0.04688,KAPW-FS-114854,29-Jan-24,"  2,000 ",1987.2656,0.0000,  13 ,0.00,,,,,,,,,
 WETSOFT SILICONE ,,,3910.0000,2.400,0,0.00450,KAPS-FS-101712,7-Mar-24,"  17,100 ",13039.0920,0.0000,"  4,061 ",0.00,,,,,,,,,
 HYDROGEN PEROXIDE ,,,2847.0000,0.395,0,0.02700,KAPW-FS-154354,8-Apr-24,"  40,800 ",5323.5900,0.0000,"  35,476 ",0.00,,,,,,,,,
CONSUMPTION OF LOCAL PURCHASED  RAW MATERIAL,,,,,,,,,,,,,,,,,,,,,,
 Kieralon Extra LF liq ,,,3402.4200,1.772,0,0.00900,HCSE-PF-1213,27-Feb-24,3000.00,2671.8120,0.0000,328.19,0.00,,,,,,,,,
 Sewing Thread ,,,5401.1000,11.019,,0.01860,KPEX-PF-194562,7-May-24,27600.46,27754.3062,0.0000,-153.85,0.00,,,,,,,,,
 Label ,,,5807.1090,44.421,0,0.00006,KPPE-PF-197684,13-Mar-24,806.06,411.0835,0.0000,394.97,0.00,,,,,,,,,
 SODIUM SULPHATE ANHYDROUS  ,,,2833.1100,0.214,0,0.07500,28032024-A-078096,17-Feb-24,120000.00,2798.3250,0.0000,117201.68,0.00,,,,,,,,,
2,,,,,,,,,,,,,,,,,,,,,,
HS CODE,,DESCRIPTION,,PIECES,,NET NET WEIGHT,,T-SHIRT,,,,,,,,,,,,,,
6109.1000,,M/W 100% T-SHIRTS,,0,,0.00,,LEXP-0657810-871-19-01-2024,,,,,,,,,,,,,,
CONSUMPTION OF RAW MATERIAL  IMPORTED UNDER SRO 957 (I) 2021 DATED. 30-JULY-2021(EFS-EXPORT FACILTAION SCHEME),,,,,,,,,,,,,,,,,,,,,,
DESCRIPTION OF GOODS,,,"Import 
Hs Code",PER UNIT VALUE,Export Qty Pcs/Ctn/Kg,IOCO Ratio,B/E No,Date,"Import 
Qty",ALREADY CONSUMED,NOW CONSUMED,Balance Qty,Total Consumed Value $,,,,,,,,,
CONSUMPTION OF IMPORTED RAW MATERIAL,,,,,,,,,,,,,,,,,,,,,,
 REACTIVE DYES ,,,3204.1600,16.315,,0.02340,LPAF-FS-48735,3-Apr-24,  425 ,424.0314,0.0000,0.9686,0.00,,,,,,,,,
 DISPERSE DYES  ,,,3204.1110,8.950,,0.00540,KAPS-FS-97518,27-Feb-24,"  5,000 ",3007.6542,0.0000,1992.3458,0.00,,,,,,,,,
 PRINTING GUM  ,,,3809.9110,23.000,0,0.07200,KAPS-FS-117905,16-Apr-24,"  2,000 ",1991.0880,0.0000,8.9120,0.00,,,,,,,,,
 NON-WOVEN INTERLINING ,,,5603.9200,11.250,,0.00760,KAPS-FS-60389,6-Dec-23,"  4,523 ",351.47818,0.0000,3108.9388,0.00,,,,,,,,,
 KNITTED FABRIC ,,,6006.9090,13.009,0,0.01204,LPAF-FS-21939,7-Nov-23,"  8,295 ",210.2750588,0.0000,3347.3185,0.00,,,,,,,,,
 INK ,,,3215.1920,10.000,,0.04688,KAPW-FS-114854,29-Jan-24,"  2,000 ",25,0.0000,12.7344,0.00,,,,,,,,,
 WETSOFT SILICONE ,,,3910.0000,2.400,0,0.00450,KAPS-FS-101712,7-Mar-24,"  17,100 ",13039.0920,0.0000,4058.4825,0.00,,,,,,,,,
 HYDROGEN PEROXIDE ,,,2847.0000,0.395,0,0.02700,KAPW-FS-154354,8-Apr-24,"  40,800 ",5323.5900,0.0000,35461.8570,0.00,,,,,,,,,
CONSUMPTION OF LOCAL PURCHASED  RAW MATERIAL,,,,,,,,,,,,,,,,,,,,,,
 Kieralon Extra LF liq ,,,3402.4200,1.772,0,0.00900,HCSE-PF-1213,27-Feb-24,3000.00,2671.8120,0.0000,323.3370,0.00,,,,,,,,,
 Sewing Thread ,,,5401.1000,11.019,,0.01860,KPEX-PF-194562,7-May-24,27600.46,27754.3062,0.0000,-153.8512,0.00,,,,,,,,,
 Label ,,,5807.1090,44.421,0,0.00006,KPPE-PF-197684,13-Mar-24,806.06,411.0835,0.0000,394.9402,0.00,,,,,,,,,
 SODIUM SULPHATE ANHYDROUS  ,,,2833.1100,0.214,0,0.07500,28032024-A-078096,17-Feb-24,120000.00,2798.3250,0.0000,117161.2500,0.00,,,,,,,,,
3,,,,,,,,,,,,,,,,,,,,,,
HS CODE,,DESCRIPTION,,PIECES,,NET NET WEIGHT,,PANT,,,,,,,,,,,,,,
6103.4200,,MEN PANT 100%,,0,,0.00,,LEXP-0657810-872-22-01-2024,,,,,,,,,,,,,,
CONSUMPTION OF RAW MATERIAL  IMPORTED UNDER SRO 957 (I) 2021 DATED. 30-JULY-2021(EFS-EXPORT FACILTAION SCHEME),,,,,,,,,,,,,,,,,,,,,,
DESCRIPTION OF GOODS,,,"Import 
Hs Code",PER UNIT VALUE,Export Qty Pcs/Ctn/Kg,IOCO Ratio,B/E No,Date,"Import 
Qty",ALREADY CONSUMED,NOW CONSUMED,Balance Qty,Total Consumed Value $,,,,,,,,,
CONSUMPTION OF IMPORTED RAW MATERIAL,,,,,,,,,,,,,,,,,,,,,,
 REACTIVE DYES ,,,3204.1600,16.315,,0.02340,LPAF-FS-48735,3-Apr-24,  425 ,424.0314,0.0000,0.9686,0.00,,,,,,,,,
 DISPERSE DYES  ,,,3204.1110,8.950,,0.00540,KAPS-FS-97518,27-Feb-24,"  5,000 ",3007.6542,0.0000,1992.3458,0.00,,,,,,,,,
 PRINTING GUM  ,,,3809.9110,23.000,,0.07200,KAPS-FS-117905,16-Apr-24,"  2,000 ",1991.0880,0.0000,8.9120,0.00,,,,,,,,,
 NON-WOVEN INTERLINING ,,,5603.9200,11.250,0,0.00760,KAPS-FS-60389,6-Dec-23,"  4,523 ",1413.5612,0.0000,3108.9388,0.00,,,,,,,,,
 KNITTED FABRIC ,,,6006.9090,13.009,0,0.01204,LPAF-FS-21939,7-Nov-23,"  8,295 ",4941.1919,0.0000,3347.3185,0.00,,,,,,,,,
 INK ,,,3215.1920,10.000,,0.04688,KAPW-FS-114854,29-Jan-24,"  2,000 ",1987.2656,0.0000,12.7344,0.00,,,,,,,,,
 WETSOFT SILICONE ,,,3910.0000,2.400,0,0.00450,KAPS-FS-101712,7-Mar-24,"  17,100 ",13039.0920,0.0000,4058.4825,0.00,,,,,,,,,
 HYDROGEN PEROXIDE ,,,2847.0000,0.395,,0.02700,KAPW-FS-154354,8-Apr-24,"  40,800 ",5323.5900,0.0000,35461.8570,0.00,,,,,,,,,
CONSUMPTION OF LOCAL PURCHASED  RAW MATERIAL,,,,,,,,,,,,,,,,,,,,,,
 Kieralon Extra LF liq ,,,3402.4200,1.772,0,0.00900,HCSE-PF-1213,27-Feb-24,3000.00,2671.8120,0.0000,323.3370,0.00,,,,,,,,,
 Sewing Thread ,,,5401.1000,11.019,0,0.01860,KPEX-PF-194562,7-May-24,27600.46,27754.3062,0.0000,-153.8512,0.00,,,,,,,,,
 Label ,,,5807.1090,44.421,0,0.00006,KPPE-PF-197684,13-Mar-24,806.06,411.0835,0.0000,394.9402,0.00,,,,,,,,,
 SODIUM SULPHATE ANHYDROUS  ,,,2833.1100,0.214,0,0.07500,28032024-A-078096,17-Feb-24,120000.00,2798.3250,0.0000,117161.2500,0.00,,,,,,,,,
4,,,,,,,,,,,,,,,,,,,,,,
HS CODE,,DESCRIPTION,,PIECES,,NET NET WEIGHT,,PANT,,,,,,,,,,,,,,
6103.4900,,MEN 80%-20% PANT,,0,,0.00,,LEXP-0657810-873-22-01-2024,,,,,,,,,,,,,,
CONSUMPTION OF RAW MATERIAL  IMPORTED UNDER SRO 957 (I) 2021 DATED. 30-JULY-2021(EFS-EXPORT FACILTAION SCHEME),,,,,,,,,,,,,,,,,,,,,,
DESCRIPTION OF GOODS,,,"Import 
Hs Code",PER UNIT VALUE,Export Qty Pcs/Ctn/Kg,IOCO Ratio,B/E No,Date,"Import 
Qty",ALREADY CONSUMED,NOW CONSUMED,Balance Qty,Total Consumed Value $,,,,,,,,,
CONSUMPTION OF IMPORTED RAW MATERIAL,,,,,,,,,,,,,,,,,,,,,,
 REACTIVE DYES ,,,3204.1600,16.315,,0.02340,LPAF-FS-48735,3-Apr-24,  425 ,424.0314,0.0000,0.9686,0.00,,,,,,,,,
 DISPERSE DYES  ,,,3204.1110,8.950,,0.00540,KAPS-FS-97518,27-Feb-24,"  5,000 ",3007.6542,0.0000,1992.3458,0.00,,,,,,,,,
 PRINTING GUM  ,,,3809.9110,23.000,,0.07200,KAPS-FS-117905,16-Apr-24,"  2,000 ",1991.0880,0.0000,8.9120,0.00,,,,,,,,,
 NON-WOVEN INTERLINING ,,,5603.9200,11.250,0,0.00760,KAPS-FS-60389,6-Dec-23,"  4,523 ",1413.5612,0.0000,3108.9388,0.00,,,,,,,,,
 KNITTED FABRIC ,,,6006.9090,13.009,0,0.01204,LPAF-FS-21939,7-Nov-23,"  8,295 ",4941.1919,0.0000,3347.3185,0.00,,,,,,,,,
 INK ,,,3215.1920,10.000,,0.04688,KAPW-FS-114854,29-Jan-24,"  2,000 ",1987.2656,0.0000,12.7344,0.00,,,,,,,,,
 WETSOFT SILICONE ,,,3910.0000,2.400,0,0.00450,KAPS-FS-101712,7-Mar-24,"  17,100 ",13039.0920,0.0000,4058.4825,0.00,,,,,,,,,
 HYDROGEN PEROXIDE ,,,2847.0000,0.395,0,0.02700,KAPW-FS-154354,8-Apr-24,"  40,800 ",5323.5900,0.0000,35461.8570,0.00,,,,,,,,,
CONSUMPTION OF LOCAL PURCHASED  RAW MATERIAL,,,,,,,,,,,,,,,,,,,,,,
 Kieralon Extra LF liq ,,,3402.4200,1.772,0,0.00900,HCSE-PF-1213,27-Feb-24,3000.00,2671.8120,0.0000,323.3370,0.00,,,,,,,,,
 Sewing Thread ,,,5401.1000,11.019,,0.01860,KPEX-PF-194562,7-May-24,27600.46,27754.3062,0.0000,-153.8512,0.00,,,,,,,,,
 Label ,,,5807.1090,44.421,0,0.00006,KPPE-PF-197684,13-Mar-24,806.06,411.0835,0.0000,394.9402,0.00,,,,,,,,,
 SODIUM SULPHATE ANHYDROUS  ,,,2833.1100,0.214,0,0.07500,28032024-A-078096,17-Feb-24,120000.00,2798.3250,0.0000,117161.2500,0.00,,,,,,,,,
5,,,,,,,,,,,,,,,,,,,,,,
HS CODE,,DESCRIPTION,,PIECES,,NET NET WEIGHT,,PANT,,,,,,,,,,,,,,
6104.6200,,WOMEN 100% PANTS,,0,,0.00,,LEXP-0657810-874-22-01-2024,,,,,,,,,,,,,,
CONSUMPTION OF RAW MATERIAL  IMPORTED UNDER SRO 957 (I) 2021 DATED. 30-JULY-2021(EFS-EXPORT FACILTAION SCHEME),,,,,,,,,,,,,,,,,,,,,,
DESCRIPTION OF GOODS,,,"Import 
Hs Code",PER UNIT VALUE,Export Qty Pcs/Ctn/Kg,IOCO Ratio,B/E No,Date,"Import 
Qty",ALREADY CONSUMED,NOW CONSUMED,Balance Qty,Total Consumed Value $,,,,,,,,,
CONSUMPTION OF IMPORTED RAW MATERIAL,,,,,,,,,,,,,,,,,,,,,,
 REACTIVE DYES ,,,3204.1600,16.315,,0.02340,LPAF-FS-48735,3-Apr-24,  425 ,424.0314,0.0000,0.9686,0.00,,,,,,,,,
 DISPERSE DYES  ,,,3204.1110,8.950,,0.00540,KAPS-FS-97518,27-Feb-24,"  5,000 ",3007.6542,0.0000,1992.3458,0.00,,,,,,,,,
 PRINTING GUM  ,,,3809.9110,23.000,,0.07200,KAPS-FS-117905,16-Apr-24,"  2,000 ",1991.0880,0.0000,8.9120,0.00,,,,,,,,,
 NON-WOVEN INTERLINING ,,,5603.9200,11.250,0,0.00760,KAPS-FS-60389,6-Dec-23,"  4,523 ",1413.5612,0.0000,3108.9388,0.00,,,,,,,,,
 KNITTED FABRIC ,,,6006.9090,13.009,0,0.01204,LPAF-FS-21939,7-Nov-23,"  8,295 ",4941.1919,0.0000,3347.3185,0.00,,,,,,,,,
 INK ,,,3215.1920,10.000,,0.04688,KAPW-FS-114854,29-Jan-24,"  2,000 ",1987.2656,0.0000,12.7344,0.00,,,,,,,,,
 WETSOFT SILICONE ,,,3910.0000,2.400,0,0.00450,KAPS-FS-101712,7-Mar-24,"  17,100 ",13039.0920,0.0000,4058.4825,0.00,,,,,,,,,
 HYDROGEN PEROXIDE ,,,2847.0000,0.395,,0.02700,KAPW-FS-154354,8-Apr-24,"  40,800 ",5323.5900,0.0000,35461.8570,0.00,,,,,,,,,
CONSUMPTION OF LOCAL PURCHASED  RAW MATERIAL,,,,,,,,,,,,,,,,,,,,,,
 Kieralon Extra LF liq ,,,3402.4200,1.772,0,0.00900,HCSE-PF-1213,27-Feb-24,3000.00,2671.8120,0.0000,323.3370,0.00,,,,,,,,,
 Sewing Thread ,,,5401.1000,11.019,0,0.01860,KPEX-PF-194562,7-May-24,27600.46,27754.3062,0.0000,-153.8512,0.00,,,,,,,,,
 Label ,,,5807.1090,44.421,0,0.00006,KPPE-PF-197684,13-Mar-24,806.06,411.0835,0.0000,394.9402,0.00,,,,,,,,,
 SODIUM SULPHATE ANHYDROUS  ,,,2833.1100,0.214,0,0.07500,28032024-A-078096,17-Feb-24,120000.00,2798.3250,0.0000,117161.2500,0.00,,,,,,,,,
6,,,,,,,,,,,,,,,,,,,,,,
HS CODE,,DESCRIPTION,,PIECES,,NET NET WEIGHT,,PANT,,,,,,,,,,,,,,
6104.6900,,WOMENS 80%-20% PANTS,,0,,0.00,,LEXP-0657810-875-22-01-2024,,,,,,,,,,,,,,
CONSUMPTION OF RAW MATERIAL  IMPORTED UNDER SRO 957 (I) 2021 DATED. 30-JULY-2021(EFS-EXPORT FACILTAION SCHEME),,,,,,,,,,,,,,,,,,,,,,
DESCRIPTION OF GOODS,,,"Import 
Hs Code",PER UNIT VALUE,Export Qty Pcs/Ctn/Kg,IOCO Ratio,B/E No,Date,"Import 
Qty",ALREADY CONSUMED,NOW CONSUMED,Balance Qty,Total Consumed Value $,,,,,,,,,
CONSUMPTION OF IMPORTED RAW MATERIAL,,,,,,,,,,,,,,,,,,,,,,
 REACTIVE DYES ,,,3204.1600,16.315,,0.02340,LPAF-FS-48735,3-Apr-24,  425 ,424.0314,0,0.9686,0.00,,,,,,,,,
 DISPERSE DYES  ,,,3204.1110,8.950,,0.00540,KAPS-FS-97518,27-Feb-24,"  5,000 ",3007.6542,0.0000,1992.3458,0.00,,,,,,,,,
 PRINTING GUM  ,,,3809.9110,23.000,,0.07200,KAPS-FS-117905,16-Apr-24,"  2,000 ",1991.0880,0.0000,8.9120,0.00,,,,,,,,,
 NON-WOVEN INTERLINING ,,,5603.9200,11.250,0,0.00760,KAPS-FS-60389,6-Dec-23,"  4,523 ",1413.5612,0.0000,3108.9388,0.00,,,,,,,,,
 KNITTED FABRIC ,,,6006.9090,13.009,0,0.01204,LPAF-FS-21939,7-Nov-23,"  8,295 ",4941.1919,0.0000,3347.3185,0.00,,,,,,,,,
 INK ,,,3215.1920,10.000,,0.04688,KAPW-FS-114854,29-Jan-24,"  2,000 ",1987.2656,0.0000,12.7344,0.00,,,,,,,,,
 WETSOFT SILICONE ,,,3910.0000,2.400,0,0.00450,KAPS-FS-101712,7-Mar-24,"  17,100 ",13039.0920,0.0000,4058.4825,0.00,,,,,,,,,
 HYDROGEN PEROXIDE ,,,2847.0000,0.395,,0.02700,KAPW-FS-154354,8-Apr-24,"  40,800 ",5323.5900,0.0000,35461.8570,0.00,,,,,,,,,
CONSUMPTION OF LOCAL PURCHASED  RAW MATERIAL,,,,,,,,,,,,,,,,,,,,,,
 Kieralon Extra LF liq ,,,3402.4200,1.772,0,0.00900,HCSE-PF-1213,27-Feb-24,3000.00,2671.8120,0.0000,323.3370,0.00,,,,,,,,,
 Sewing Thread ,,,5401.1000,11.019,0,0.01860,KPEX-PF-194562,7-May-24,27600.46,27754.3062,0.0000,-153.8512,0.00,,,,,,,,,
 Label ,,,5807.1090,44.421,0,0.00006,KPPE-PF-197684,13-Mar-24,806.06,411.0835,0.0000,394.9402,0.00,,,,,,,,,
 SODIUM SULPHATE ANHYDROUS  ,,,2833.1100,0.214,0,0.07500,28032024-A-078096,17-Feb-24,120000.00,2798.3250,0.0000,117161.2500,0.00,,,,,,,,,
7,,,,,,,,,,,,,,,,,,,,,,
HS CODE,,DESCRIPTION,,PIECES,,NET NET WEIGHT,,JACKET,,,,,,,,,,,,,,
6103.3200,,MENS 100% JACKETS,,0,,0.00,,LEXP-0657810-876-22-01-2024,,,,,,,,,,,,,,
CONSUMPTION OF RAW MATERIAL  IMPORTED UNDER SRO 957 (I) 2021 DATED. 30-JULY-2021(EFS-EXPORT FACILTAION SCHEME),,,,,,,,,,,,,,,,,,,,,,
DESCRIPTION OF GOODS,,,"Import 
Hs Code",PER UNIT VALUE,Export Qty Pcs/Ctn/Kg,IOCO Ratio,B/E No,Date,"Import 
Qty",ALREADY CONSUMED,NOW CONSUMED,Balance Qty,Total Consumed Value $,,,,,,,,,
CONSUMPTION OF IMPORTED RAW MATERIAL,,,,,,,,,,,,,,,,,,,,,,
 REACTIVE DYES ,,,3204.1600,16.315,,0.02340,LPAF-FS-48735,3-Apr-24,  425 ,424.0314,0.0000,0.9686,0.00,,,,,,,,,
 DISPERSE DYES  ,,,3204.1110,8.950,,0.00540,KAPS-FS-97518,27-Feb-24,"  5,000 ",3007.6542,0.0000,1992.3458,0.00,,,,,,,,,
 PRINTING GUM  ,,,3809.9110,23.000,,0.07200,KAPS-FS-117905,16-Apr-24,"  2,000 ",1991.0880,0.0000,8.9120,0.00,,,,,,,,,
 NON-WOVEN INTERLINING ,,,5603.9200,11.250,0,0.00760,KAPS-FS-60389,6-Dec-23,"  4,523 ",1413.5612,0.0000,3108.9388,0.00,,,,,,,,,
 KNITTED FABRIC ,,,6006.9090,13.009,0,0.01204,LPAF-FS-21939,7-Nov-23,"  8,295 ",4941.1919,0.0000,3347.3185,0.00,,,,,,,,,
 INK ,,,3215.1920,10.000,,0.04688,KAPW-FS-114854,29-Jan-24,"  2,000 ",1987.2656,0.0000,12.7344,0.00,,,,,,,,,
 WETSOFT SILICONE ,,,3910.0000,2.400,0,0.00450,KAPS-FS-101712,7-Mar-24,"  17,100 ",13039.0920,0.0000,4058.4825,0.00,,,,,,,,,
 HYDROGEN PEROXIDE ,,,2847.0000,0.395,,0.02700,KAPW-FS-154354,8-Apr-24,"  40,800 ",5323.5900,0.0000,35461.8570,0.00,,,,,,,,,
CONSUMPTION OF LOCAL PURCHASED  RAW MATERIAL,,,,,,,,,,,,,,,,,,,,,,
 Kieralon Extra LF liq ,,,3402.4200,1.772,0,0.00900,HCSE-PF-1213,27-Feb-24,3000.00,2671.8120,0.0000,323.3370,0.00,,,,,,,,,
 Sewing Thread ,,,5401.1000,11.019,0,0.01860,KPEX-PF-194562,7-May-24,27600.46,27754.3062,0.0000,-153.8512,0.00,,,,,,,,,
 Label ,,,5807.1090,44.421,0,0.00006,KPPE-PF-197684,13-Mar-24,806.06,411.0835,0.0000,394.9402,0.00,,,,,,,,,
 SODIUM SULPHATE ANHYDROUS  ,,,2833.1100,0.214,0,0.07500,28032024-A-078096,17-Feb-24,120000.00,2798.3250,0.0000,117161.2500,0.00,,,,,,,,,
8,,,,,,,,,,,,,,,,,,,,,,
HS CODE,,DESCRIPTION,,PIECES,,NET NET WEIGHT,,JACKET,,,,,,,,,,,,,,
6103.3900,,MENS 100% JACKETS,,0,,0.00,,LEXP-0657810-877-22-01-2024,,,,,,,,,,,,,,
CONSUMPTION OF RAW MATERIAL  IMPORTED UNDER SRO 957 (I) 2021 DATED. 30-JULY-2021(EFS-EXPORT FACILTAION SCHEME),,,,,,,,,,,,,,,,,,,,,,
DESCRIPTION OF GOODS,,,"Import 
Hs Code",PER UNIT VALUE,Export Qty Pcs/Ctn/Kg,IOCO Ratio,B/E No,Date,"Import 
Qty",ALREADY CONSUMED,NOW CONSUMED,Balance Qty,Total Consumed Value $,,,,,,,,,
CONSUMPTION OF IMPORTED RAW MATERIAL,,,,,,,,,,,,,,,,,,,,,,
 REACTIVE DYES ,,,3204.1600,16.315,,0.02340, LPAF-FS-48735 ,3-Apr-24,  425 ,424.0314,0.0000,0.9686,0.00,,,,,,,,,
 DISPERSE DYES  ,,,3204.1110,8.950,,0.00540, KAPS-FS-97518 ,27-Feb-24,"  5,000 ",3007.6542,0.0000,1992.3458,0.00,,,,,,,,,
 PRINTING GUM  ,,,3809.9110,23.000,,0.07200, KAPS-FS-117905 ,16-Apr-24,"  2,000 ",1991.0880,0.0000,8.9120,0.00,,,,,,,,,
 NON-WOVEN INTERLINING ,,,5603.9200,11.250,0,0.00760, KAPS-FS-60389 ,6-Dec-23,"  4,523 ",1413.5612,0.0000,3108.9388,0.00,,,,,,,,,
 KNITTED FABRIC ,,,6006.9090,13.009,0,0.01204, LPAF-FS-21939 ,7-Nov-23,"  8,295 ",4941.1919,0.0000,3347.3185,0.00,,,,,,,,,
 INK ,,,3215.1920,10.000,,0.04688, KAPW-FS-114854 ,29-Jan-24,"  2,000 ",1987.2656,0.0000,12.7344,0.00,,,,,,,,,
 WETSOFT SILICONE ,,,3910.0000,2.400,0,0.00450, KAPS-FS-101712 ,7-Mar-24,"  17,100 ",13039.0920,0.0000,4058.4825,0.00,,,,,,,,,
 HYDROGEN PEROXIDE ,,,2847.0000,0.395,0,0.02700, KAPW-FS-154354 ,8-Apr-24,"  40,800 ",5323.5900,0.0000,35461.8570,0.00,,,,,,,,,
CONSUMPTION OF LOCAL PURCHASED  RAW MATERIAL,,,,,,,,,,,,,,,,,,,,,,
 Kieralon Extra LF liq ,,,3402.4200,1.772,0,0.00900, HCSE-PF-1213 ,27-Feb-24,3000.00,2671.8120,0.0000,323.3370,0.00,,,,,,,,,
 Sewing Thread ,,,5401.1000,11.019,,0.01860, KPEX-PF-194562 ,7-May-24,27600.46,27754.3062,0.0000,-153.8512,0.00,,,,,,,,,
 Label ,,,5807.1090,44.421,0,0.00006, KPPE-PF-197684 ,13-Mar-24,806.06,411.0835,0.0000,394.9402,0.00,,,,,,,,,
 SODIUM SULPHATE ANHYDROUS  ,,,2833.1100,0.214,0,0.07500, 28032024-A-078096 ,17-Feb-24,120000.00,2798.3250,0.0000,117161.2500,0.00,,,,,,,,,
9,,,,,,,,,,,,,,,,,,,,,,
HS CODE,,DESCRIPTION,,PIECES,,NET NET WEIGHT,,JACKET,,,,,,,,,,,,,,
6104.3200,,WOMENS 100% JACKETS,,0,,0.00,,LEXP-0657810-878-22-01-2024,,,,,,,,,,,,,,
CONSUMPTION OF RAW MATERIAL  IMPORTED UNDER SRO 957 (I) 2021 DATED. 30-JULY-2021(EFS-EXPORT FACILTAION SCHEME),,,,,,,,,,,,,,,,,,,,,,
DESCRIPTION OF GOODS,,,"Import 
Hs Code",PER UNIT VALUE,Export Qty Pcs/Ctn/Kg,IOCO Ratio,B/E No,Date,"Import 
Qty",ALREADY CONSUMED,NOW CONSUMED,Balance Qty,Total Consumed Value $,,,,,,,,,
CONSUMPTION OF IMPORTED RAW MATERIAL,,,,,,,,,,,,,,,,,,,,,,
 REACTIVE DYES ,,,3204.1600,16.315,,0.02340,LPAF-FS-48735,3-Apr-24,  425 ,424.0314,0.0000,0.9686,0.00,,,,,,,,,
 DISPERSE DYES  ,,,3204.1110,8.950,,0.00540,KAPS-FS-97518,27-Feb-24,"  5,000 ",3007.6542,0.0000,1992.3458,0.00,,,,,,,,,
 PRINTING GUM  ,,,3809.9110,23.000,0,0.07200,KAPS-FS-117905,16-Apr-24,"  2,000 ",1991.0880,0.0000,8.9120,0.00,,,,,,,,,
 NON-WOVEN INTERLINING ,,,5603.9200,11.250,0,0.00760,KAPS-FS-60389,6-Dec-23,"  4,523 ",1413.5612,0.0000,3108.9388,0.00,,,,,,,,,
 KNITTED FABRIC ,,,6006.9090,13.009,0,0.01204,LPAF-FS-21939,7-Nov-23,"  8,295 ",4941.1919,0.0000,3347.3185,0.00,,,,,,,,,
 INK ,,,3215.1920,10.000,,0.04688,KAPW-FS-114854,29-Jan-24,"  2,000 ",1987.2656,0.0000,12.7344,0.00,,,,,,,,,
 WETSOFT SILICONE ,,,3910.0000,2.400,,0.00450,KAPS-FS-101712,7-Mar-24,"  17,100 ",13039.0920,0.0000,4058.4825,0.00,,,,,,,,,
 HYDROGEN PEROXIDE ,,,2847.0000,0.395,,0.02700,KAPW-FS-154354,8-Apr-24,"  40,800 ",5323.5900,0.0000,35461.8570,0.00,,,,,,,,,
CONSUMPTION OF LOCAL PURCHASED  RAW MATERIAL,,,,,,,,,,,,,,,,,,,,,,
Kieralon Extra LF liq,,,3402.4200,1.772,0,0.00900,HCSE-PF-1213,27-Feb-24,3000.00,2671.8120,0.0000,323.3370,0.00,,,,,,,,,
Sewing Thread,,,5401.1000,11.019,,0.01860,KPEX-PF-194562,7-May-24,27600.46,27754.3062,0.0000,-153.8512,0.00,,,,,,,,,
Label,,,5807.1090,44.421,0,0.00006,KPPE-PF-197684,13-Mar-24,806.06,411.0835,0.0000,394.9402,0.00,,,,,,,,,
SODIUM SULPHATE ANHYDROUS ,,,2833.1100,0.214,0,0.07500,28032024-A-078096,17-Feb-24,120000.00,2798.3250,0.0000,117161.2500,0.00,,,,,,,,,
10,,,,,,,,,,,,,,,,,,,,,,
HS CODE,,DESCRIPTION,,PIECES,,NET NET WEIGHT,,JACKET,,,,,,,,,,,,,,
6104.3900,,WOMENS 80%-20% JACKETS,,0,,0.00,,LEXP-0657810-879-22-01-2024,,,,,,,,,,,,,,
CONSUMPTION OF RAW MATERIAL  IMPORTED UNDER SRO 957 (I) 2021 DATED. 30-JULY-2021(EFS-EXPORT FACILTAION SCHEME),,,,,,,,,,,,,,,,,,,,,,
DESCRIPTION OF GOODS,,,"Import 
Hs Code",PER UNIT VALUE,Export Qty Pcs/Ctn/Kg,IOCO Ratio,B/E No,Date,"Import 
Qty",ALREADY CONSUMED,NOW CONSUMED,Balance Qty,Total Consumed Value $,,,,,,,,,
CONSUMPTION OF IMPORTED RAW MATERIAL,,,,,,,,,,,,,,,,,,,,,,
 REACTIVE DYES ,,,3204.1600,16.315,,0.02340,LPAF-FS-48735,3-Apr-24,  425 ,424.0314,0.0000,0.9686,0.00,,,,,,,,,
 DISPERSE DYES  ,,,3204.1110,8.950,,0.00540,KAPS-FS-97518,27-Feb-24,"  5,000 ",3007.6542,0.0000,1992.3458,0.00,,,,,,,,,
 PRINTING GUM  ,,,3809.9110,23.000,,0.07200,KAPS-FS-117905,16-Apr-24,"  2,000 ",1991.0880,0.0000,8.9120,0.00,,,,,,,,,
 NON-WOVEN INTERLINING ,,,5603.9200,11.250,0,0.00760,KAPS-FS-60389,6-Dec-23,"  4,523 ",1413.5612,0.0000,3108.9388,0.00,,,,,,,,,
 KNITTED FABRIC ,,,6006.9090,13.009,0,0.01204,LPAF-FS-21939,7-Nov-23,"  8,295 ",4941.1919,0.0000,3347.3185,0.00,,,,,,,,,
 INK ,,,3215.1920,10.000,,0.04688,KAPW-FS-114854,29-Jan-24,"  2,000 ",1987.2656,0.0000,12.7344,0.00,,,,,,,,,
 WETSOFT SILICONE ,,,3910.0000,2.400,0,0.00450,KAPS-FS-101712,7-Mar-24,"  17,100 ",13039.0920,0.0000,4058.4825,0.00,,,,,,,,,
 HYDROGEN PEROXIDE ,,,2847.0000,0.395,,0.02700,KAPW-FS-154354,8-Apr-24,"  40,800 ",5323.5900,0.0000,35461.8570,0.00,,,,,,,,,
CONSUMPTION OF LOCAL PURCHASED  RAW MATERIAL,,,,,,,,,,,,,,,,,,,,,,
Kieralon Extra LF liq,,,3402.4200,1.772,0,0.00900,HCSE-PF-1213,27-Feb-24,3000.00,2671.8120,0.0000,323.3370,0.00,,,,,,,,,
Sewing Thread,,,5401.1000,11.019,0,0.01860,KPEX-PF-194562,7-May-24,27600.46,27754.3062,0.0000,-153.8512,0.00,,,,,,,,,
Label,,,5807.1090,44.421,0,0.00006,KPPE-PF-197684,13-Mar-24,806.06,411.0835,0.0000,394.9402,0.00,,,,,,,,,
SODIUM SULPHATE ANHYDROUS ,,,2833.1100,0.214,0,0.07500,28032024-A-078096,17-Feb-24,120000.00,2798.3250,0.0000,117161.2500,0.00,,,,,,,,,
11,,,,,,,,,,,,,,,,,,,,,,
HS CODE,,DESCRIPTION,,PIECES,,NET NET WEIGHT,,PULLOVER,,,,,,,,,,,,,,
6110.2000,,M/W 100% PULLOVER,,0,,0.00,,LEXP-0657810-880-22-01-2024,,,,,,,,,,,,,,
CONSUMPTION OF RAW MATERIAL  IMPORTED UNDER SRO 957 (I) 2021 DATED. 30-JULY-2021(EFS-EXPORT FACILTAION SCHEME),,,,,,,,,,,,,,,,,,,,,,
DESCRIPTION OF GOODS,,,"Import 
Hs Code",PER UNIT VALUE,Export Qty Pcs/Ctn/Kg,IOCO Ratio,B/E No,Date,"Import 
Qty",ALREADY CONSUMED,NOW CONSUMED,Balance Qty,Total Consumed Value $,,,,,,,,,
CONSUMPTION OF IMPORTED RAW MATERIAL,,,,,,,,,,,,,,,,,,,,,,
 REACTIVE DYES ,,,3204.1600,16.315,,0.02340,LPAF-FS-48735,3-Apr-24,  425 ,424.0314,0.0000,0.9686,0.00,,,,,,,,,
 DISPERSE DYES  ,,,3204.1110,8.950,,0.00540,KAPS-FS-97518,27-Feb-24,"  5,000 ",3007.6542,0.0000,1992.3458,0.00,,,,,,,,,
 PRINTING GUM  ,,,3809.9110,23.000,,0.07200,KAPS-FS-117905,16-Apr-24,"  2,000 ",1991.0880,0.0000,8.9120,0.00,,,,,,,,,
 NON-WOVEN INTERLINING ,,,5603.9200,11.250,0,0.00760,KAPS-FS-60389,6-Dec-23,"  4,523 ",1413.5612,0.0000,3108.9388,0.00,,,,,,,,,
 KNITTED FABRIC ,,,6006.9090,13.009,0,0.01204,LPAF-FS-21939,7-Nov-23,"  8,295 ",4941.1919,0.0000,3347.3185,0.00,,,,,,,,,
 INK ,,,3215.1920,10.000,,0.04688,KAPW-FS-114854,29-Jan-24,"  2,000 ",1987.2656,0.0000,12.7344,0.00,,,,,,,,,
 WETSOFT SILICONE ,,,3910.0000,2.400,0,0.00450,KAPS-FS-101712,7-Mar-24,"  17,100 ",13039.0920,0.0000,4058.4825,0.00,,,,,,,,,
 HYDROGEN PEROXIDE ,,,2847.0000,0.395,,0.02700,KAPW-FS-154354,8-Apr-24,"  40,800 ",5323.5900,0.0000,35461.8570,0.00,,,,,,,,,
CONSUMPTION OF LOCAL PURCHASED  RAW MATERIAL,,,,,,,,,,,,,,,,,,,,,,
Kieralon Extra LF liq,,,3402.4200,1.772,0,0.00900,HCSE-PF-1213,27-Feb-24,3000.00,2671.8120,0.0000,323.3370,0.00,,,,,,,,,
Sewing Thread,,,5401.1000,11.019,0,0.01860,KPEX-PF-194562,7-May-24,27600.46,27754.3062,0.0000,-153.8512,0.00,,,,,,,,,
Label,,,5807.1090,44.421,0,0.00006,KPPE-PF-197684,13-Mar-24,806.06,411.0835,0.0000,394.9402,0.00,,,,,,,,,
SODIUM SULPHATE ANHYDROUS ,,,2833.1100,0.214,0,0.07500,28032024-A-078096,17-Feb-24,120000.00,2798.3250,0.0000,117161.2500,0.00,,,,,,,,,
12,,,,,,,,,,,,,,,,,,,,,,
HS CODE,,DESCRIPTION,,PIECES,,NET NET WEIGHT,,PULLOVER,,,,,,,,,,,,,,
6110.9000,,M/W 80%-20% PULLOVER,,0,,0.00,,LEXP-0657810-881-22-01-2024,,,,,,,,,,,,,,
CONSUMPTION OF RAW MATERIAL  IMPORTED UNDER SRO 957 (I) 2021 DATED. 30-JULY-2021(EFS-EXPORT FACILTAION SCHEME),,,,,,,,,,,,,,,,,,,,,,
DESCRIPTION OF GOODS,,,"Import 
Hs Code",PER UNIT VALUE,Export Qty Pcs/Ctn/Kg,IOCO Ratio,B/E No,Date,"Import 
Qty",ALREADY CONSUMED,NOW CONSUMED,Balance Qty,Total Consumed Value $,,,,,,,,,
CONSUMPTION OF IMPORTED RAW MATERIAL,,,,,,,,,,,,,,,,,,,,,,
 REACTIVE DYES ,,,3204.1600,16.315,,0.02340,LPAF-FS-48735,3-Apr-24,  425 ,424.0314,0.0000,0.9686,0.00,,,,,,,,,
 DISPERSE DYES  ,,,3204.1110,8.950,,0.00540,KAPS-FS-97518,27-Feb-24,"  5,000 ",3007.6542,0.0000,1992.3458,0.00,,,,,,,,,
 PRINTING GUM  ,,,3809.9110,23.000,,0.07200,KAPS-FS-117905,16-Apr-24,"  2,000 ",1991.0880,0.0000,8.9120,0.00,,,,,,,,,
 NON-WOVEN INTERLINING ,,,5603.9200,11.250,0,0.00760,KAPS-FS-60389,6-Dec-23,"  4,523 ",1413.5612,0.0000,3108.9388,0.00,,,,,,,,,
 KNITTED FABRIC ,,,6006.9090,13.009,0,0.01204,LPAF-FS-21939,7-Nov-23,"  8,295 ",4941.1919,0.0000,3347.3185,0.00,,,,,,,,,
 INK ,,,3215.1920,10.000,,0.04688,KAPW-FS-114854,29-Jan-24,"  2,000 ",1987.2656,0.0000,12.7344,0.00,,,,,,,,,
 WETSOFT SILICONE ,,,3910.0000,2.400,0,0.00450,KAPS-FS-101712,7-Mar-24,"  17,100 ",13039.0920,0.0000,4058.4825,0.00,,,,,,,,,
 HYDROGEN PEROXIDE ,,,2847.0000,0.395,0,0.02700,KAPW-FS-154354,8-Apr-24,"  40,800 ",5323.5900,0.0000,35461.8570,0.00,,,,,,,,,
CONSUMPTION OF LOCAL PURCHASED  RAW MATERIAL,,,,,,,,,,,,,,,,,,,,,,
Kieralon Extra LF liq,,,3402.4200,1.772,0,0.00900,HCSE-PF-1213,27-Feb-24,3000.00,2671.8120,0.0000,323.3370,0.00,,,,,,,,,
Sewing Thread,,,5401.1000,11.019,,0.01860,KPEX-PF-194562,7-May-24,27600.46,27754.3062,0.0000,-153.8512,0.00,,,,,,,,,
Label,,,5807.1090,44.421,0,0.00006,KPPE-PF-197684,13-Mar-24,806.06,411.0835,0.0000,394.9402,0.00,,,,,,,,,
SODIUM SULPHATE ANHYDROUS ,,,2833.1100,0.214,0,0.07500,28032024-A-078096,17-Feb-24,120000.00,2798.3250,0.0000,117161.2500,0.00,,,,,,,,,
13,,,,,,,,,,,,,,,,,,,,,,
HS CODE,,DESCRIPTION,,PIECES,,NET NET WEIGHT,,SUIT,,,,,,,,,,,,,,
6103.2200,,MENS 100% SUIT,,0,,0.00,,LEXP-0657810-882-22-01-2024,,,,,,,,,,,,,,
CONSUMPTION OF RAW MATERIAL  IMPORTED UNDER SRO 957 (I) 2021 DATED. 30-JULY-2021(EFS-EXPORT FACILTAION SCHEME),,,,,,,,,,,,,,,,,,,,,,
DESCRIPTION OF GOODS,,,"Import 
Hs Code",PER UNIT VALUE,Export Qty Pcs/Ctn/Kg,IOCO Ratio,B/E No,Date,"Import 
Qty",ALREADY CONSUMED,NOW CONSUMED,Balance Qty,Total Consumed Value $,,,,,,,,,
CONSUMPTION OF IMPORTED RAW MATERIAL,,,,,,,,,,,,,,,,,,,,,,
 REACTIVE DYES ,,,3204.1600,16.315,,0.02340,LPAF-FS-48735,3-Apr-24,  425 ,424.0314,0.0000,0.9686,0.00,,,,,,,,,
 DISPERSE DYES  ,,,3204.1110,8.950,,0.00540,KAPS-FS-97518,27-Feb-24,"  5,000 ",3007.6542,0.0000,1992.3458,0.00,,,,,,,,,
 PRINTING GUM  ,,,3809.9110,23.000,,0.07200,KAPS-FS-117905,16-Apr-24,"  2,000 ",1991.0880,0.0000,8.9120,0.00,,,,,,,,,
 NON-WOVEN INTERLINING ,,,5603.9200,11.250,0,0.00760,KAPS-FS-60389,6-Dec-23,"  4,523 ",1413.5612,0.0000,3108.9388,0.00,,,,,,,,,
 KNITTED FABRIC ,,,6006.9090,13.009,0,0.01204,LPAF-FS-21939,7-Nov-23,"  8,295 ",4941.1919,0.0000,3347.3185,0.00,,,,,,,,,
 INK ,,,3215.1920,10.000,,0.04688,KAPW-FS-114854,29-Jan-24,"  2,000 ",1987.2656,0.0000,12.7344,0.00,,,,,,,,,
 WETSOFT SILICONE ,,,3910.0000,2.400,0,0.00450,KAPS-FS-101712,7-Mar-24,"  17,100 ",13039.0920,0.0000,4058.4825,0.00,,,,,,,,,
 HYDROGEN PEROXIDE ,,,2847.0000,0.395,,0.02700,KAPW-FS-154354,8-Apr-24,"  40,800 ",5323.5900,0.0000,35461.8570,0.00,,,,,,,,,
CONSUMPTION OF LOCAL PURCHASED  RAW MATERIAL,,,,,,,,,,,,,,,,,,,,,,
Kieralon Extra LF liq,,,3402.4200,1.772,0,0.00900,HCSE-PF-1213,27-Feb-24,3000.00,2671.8120,0.0000,323.3370,0.00,,,,,,,,,
Sewing Thread,,,5401.1000,11.019,0,0.01860,KPEX-PF-194562,7-May-24,27600.46,27754.3062,0.0000,-153.8512,0.00,,,,,,,,,
Label,,,5807.1090,44.421,0,0.00006,KPPE-PF-197684,13-Mar-24,806.06,411.0835,0.0000,394.9402,0.00,,,,,,,,,
SODIUM SULPHATE ANHYDROUS ,,,2833.1100,0.214,0,0.07500,28032024-A-078096,17-Feb-24,120000.00,2798.3250,0.0000,117161.2500,0.00,,,,,,,,,
14,,,,,,,,,,,,,,,,,,,,,,
HS CODE,,DESCRIPTION,,PIECES,,NET NET WEIGHT,,SUIT,,,,,,,,,,,,,,
6103.2900,,MENS 80%-20 SUIT,,0,,0.00,,LEXP-0657810-883-22-01-2024,,,,,,,,,,,,,,
CONSUMPTION OF RAW MATERIAL  IMPORTED UNDER SRO 957 (I) 2021 DATED. 30-JULY-2021(EFS-EXPORT FACILTAION SCHEME),,,,,,,,,,,,,,,,,,,,,,
DESCRIPTION OF GOODS,,,"Import 
Hs Code",PER UNIT VALUE,Export Qty Pcs/Ctn/Kg,IOCO Ratio,B/E No,Date,"Import 
Qty",ALREADY CONSUMED,NOW CONSUMED,Balance Qty,Total Consumed Value $,,,,,,,,,
CONSUMPTION OF IMPORTED RAW MATERIAL,,,,,,,,,,,,,,,,,,,,,,
 REACTIVE DYES ,,,3204.1600,16.315,,0.02340,LPAF-FS-48735,3-Apr-24,  425 ,424.0314,0.0000,0.9686,0.00,,,,,,,,,
 DISPERSE DYES  ,,,3204.1110,8.950,,0.00540,KAPS-FS-97518,27-Feb-24,"  5,000 ",3007.6542,0.0000,1992.3458,0.00,,,,,,,,,
 PRINTING GUM  ,,,3809.9110,23.000,,0.07200,KAPS-FS-117905,16-Apr-24,"  2,000 ",1991.0880,0.0000,8.9120,0.00,,,,,,,,,
 NON-WOVEN INTERLINING ,,,5603.9200,11.250,0,0.00760,KAPS-FS-60389,6-Dec-23,"  4,523 ",1413.5612,0.0000,3108.9388,0.00,,,,,,,,,
 KNITTED FABRIC ,,,6006.9090,13.009,0,0.01204,LPAF-FS-21939,7-Nov-23,"  8,295 ",4941.1919,0.0000,3347.3185,0.00,,,,,,,,,
 INK ,,,3215.1920,10.000,,0.04688,KAPW-FS-114854,29-Jan-24,"  2,000 ",1987.2656,0.0000,12.7344,0.00,,,,,,,,,
 WETSOFT SILICONE ,,,3910.0000,2.400,0,0.00450,KAPS-FS-101712,7-Mar-24,"  17,100 ",13039.0920,0.0000,4058.4825,0.00,,,,,,,,,
 HYDROGEN PEROXIDE ,,,2847.0000,0.395,,0.02700,KAPW-FS-154354,8-Apr-24,"  40,800 ",5323.5900,0.0000,35461.8570,0.00,,,,,,,,,
CONSUMPTION OF LOCAL PURCHASED  RAW MATERIAL,,,,,,,,,,,,,,,,,,,,,,
Kieralon Extra LF liq,,,3402.4200,1.772,0,0.00900,HCSE-PF-1213,27-Feb-24,3000.00,2671.8120,0.0000,323.3370,0.00,,,,,,,,,
Sewing Thread,,,5401.1000,11.019,,0.01860,KPEX-PF-194562,7-May-24,27600.46,27754.3062,0.0000,-153.8512,0.00,,,,,,,,,
Label,,,5807.1090,44.421,0,0.00006,KPPE-PF-197684,13-Mar-24,806.06,411.0835,0.0000,394.9402,0.00,,,,,,,,,
SODIUM SULPHATE ANHYDROUS ,,,2833.1100,0.214,0,0.07500,28032024-A-078096,17-Feb-24,120000.00,2798.3250,0.0000,117161.2500,0.00,,,,,,,,,
15,,,,,,,,,,,,,,,,,,,,,,
HS CODE,,DESCRIPTION,,PIECES,,NET NET WEIGHT,,SUIT,,,,,,,,,,,,,,
6104.2200,,WOMENS 100% SUIT,,0,,0.00,,LEXP-0657810-884-22-01-2024,,,,,,,,,,,,,,
CONSUMPTION OF RAW MATERIAL  IMPORTED UNDER SRO 957 (I) 2021 DATED. 30-JULY-2021(EFS-EXPORT FACILTAION SCHEME),,,,,,,,,,,,,,,,,,,,,,
DESCRIPTION OF GOODS,,,"Import 
Hs Code",PER UNIT VALUE,Export Qty Pcs/Ctn/Kg,IOCO Ratio,B/E No,Date,"Import 
Qty",ALREADY CONSUMED,NOW CONSUMED,Balance Qty,Total Consumed Value $,,,,,,,,,
CONSUMPTION OF IMPORTED RAW MATERIAL,,,,,,,,,,,,,,,,,,,,,,
 REACTIVE DYES ,,,3204.1600,16.315,,0.02340,LPAF-FS-48735,3-Apr-24,  425 ,424.0314,0.0000,0.9686,0.00,,,,,,,,,
 DISPERSE DYES  ,,,3204.1110,8.950,,0.00540,KAPS-FS-97518,27-Feb-24,"  5,000 ",3007.6542,0.0000,1992.3458,0.00,,,,,,,,,
 PRINTING GUM  ,,,3809.9110,23.000,,0.07200,KAPS-FS-117905,16-Apr-24,"  2,000 ",1991.0880,0.0000,8.9120,0.00,,,,,,,,,
 NON-WOVEN INTERLINING ,,,5603.9200,11.250,,0.00760,KAPS-FS-60389,6-Dec-23,"  4,523 ",1413.5612,0.0000,3108.9388,0.00,,,,,,,,,
 KNITTED FABRIC ,,,6006.9090,13.009,,0.01204,LPAF-FS-21939,7-Nov-23,"  8,295 ",4941.1919,0.0000,3347.3185,0.00,,,,,,,,,
 INK ,,,3215.1920,10.000,,0.04688,KAPW-FS-114854,29-Jan-24,"  2,000 ",1987.2656,0.0000,12.7344,0.00,,,,,,,,,
 WETSOFT SILICONE ,,,3910.0000,2.400,0,0.00450,KAPS-FS-101712,7-Mar-24,"  17,100 ",13039.0920,0.0000,4058.4825,0.00,,,,,,,,,
 HYDROGEN PEROXIDE ,,,2847.0000,0.395,0,0.02700,KAPW-FS-154354,8-Apr-24,"  40,800 ",5323.5900,0.0000,35461.8570,0.00,,,,,,,,,
CONSUMPTION OF LOCAL PURCHASED  RAW MATERIAL,,,,,,,,,,,,,,,,,,,,,,
Kieralon Extra LF liq,,,3402.4200,1.772,0,0.00900,HCSE-PF-1213,27-Feb-24,3000.00,2671.8120,0.0000,323.3370,0.00,,,,,,,,,
Sewing Thread,,,5401.1000,11.019,,0.01860,KPEX-PF-194562,7-May-24,27600.46,27754.3062,0.0000,-153.8512,0.00,,,,,,,,,
Label,,,5807.1090,44.421,0,0.00006,KPPE-PF-197684,13-Mar-24,806.06,411.0835,0.0000,394.9402,0.00,,,,,,,,,
SODIUM SULPHATE ANHYDROUS ,,,2833.1100,0.214,0,0.07500,28032024-A-078096,17-Feb-24,120000.00,2798.3250,0.0000,117161.2500,0.00,,,,,,,,,
16,,,,,,,,,,,,,,,,,,,,,,
HS CODE,,DESCRIPTION,,PIECES,,NET NET WEIGHT,,SUIT,,,,,,,,,,,,,,
6104.2900,,WOMENS 80%-20 SUIT,,0,,0.00,,LEXP-0657810-885-22-01-2024,,,,,,,,,,,,,,
CONSUMPTION OF RAW MATERIAL  IMPORTED UNDER SRO 957 (I) 2021 DATED. 30-JULY-2021(EFS-EXPORT FACILTAION SCHEME),,,,,,,,,,,,,,,,,,,,,,
DESCRIPTION OF GOODS,,,"Import 
Hs Code",PER UNIT VALUE,Export Qty Pcs/Ctn/Kg,IOCO Ratio,B/E No,Date,"Import 
Qty",ALREADY CONSUMED,NOW CONSUMED,Balance Qty,Total Consumed Value $,,,,,,,,,
CONSUMPTION OF IMPORTED RAW MATERIAL,,,,,,,,,,,,,,,,,,,,,,
 REACTIVE DYES ,,,3204.1600,16.315,,0.02340,LPAF-FS-48735,3-Apr-24,  425 ,424.0314,0.0000,0.9686,0.00,,,,,,,,,
 DISPERSE DYES  ,,,3204.1110,8.950,,0.00540,KAPS-FS-97518,27-Feb-24,"  5,000 ",3007.6542,0.0000,1992.3458,0.00,,,,,,,,,
 PRINTING GUM  ,,,3809.9110,23.000,,0.07200,KAPS-FS-117905,16-Apr-24,"  2,000 ",1991.0880,0.0000,8.9120,0.00,,,,,,,,,
 NON-WOVEN INTERLINING ,,,5603.9200,11.250,,0.00760,KAPS-FS-60389,6-Dec-23,"  4,523 ",1413.5612,0.0000,3108.9388,0.00,,,,,,,,,
 KNITTED FABRIC ,,,6006.9090,13.009,,0.01204,LPAF-FS-21939,7-Nov-23,"  8,295 ",4941.1919,0.0000,3347.3185,0.00,,,,,,,,,
 INK ,,,3215.1920,10.000,,0.04688,KAPW-FS-114854,29-Jan-24,"  2,000 ",1987.2656,0.0000,12.7344,0.00,,,,,,,,,
 WETSOFT SILICONE ,,,3910.0000,2.400,0,0.00450,KAPS-FS-101712,7-Mar-24,"  17,100 ",13039.0920,0.0000,4058.4825,0.00,,,,,,,,,
 HYDROGEN PEROXIDE ,,,2847.0000,0.395,0,0.02700,KAPW-FS-154354,8-Apr-24,"  40,800 ",5323.5900,0.0000,35461.8570,0.00,,,,,,,,,
CONSUMPTION OF LOCAL PURCHASED  RAW MATERIAL,,,,,,,,,,,,,,,,,,,,,,
Kieralon Extra LF liq,,,3402.4200,1.772,0,0.00900,HCSE-PF-1213,27-Feb-24,3000.00,2671.8120,0.0000,323.3370,0.00,,,,,,,,,
Sewing Thread,,,5401.1000,11.019,,0.01860,KPEX-PF-194562,7-May-24,27600.46,27754.3062,0.0000,-153.8512,0.00,,,,,,,,,
Label,,,5807.1090,44.421,0,0.00006,KPPE-PF-197684,13-Mar-24,806.06,411.0835,0.0000,394.9402,0.00,,,,,,,,,
SODIUM SULPHATE ANHYDROUS ,,,2833.1100,0.214,0,0.07500,28032024-A-078096,17-Feb-24,120000.00,2798.3250,0.0000,117161.2500,0.00,,,,,,,,,
17,,,,,,,,,,,,,,,,,,,,,,
HS CODE,,DESCRIPTION,,PIECES,,NET NET WEIGHT,,SHIRT OR CROCHETED,,,,,,,,,,,,,,
6105.1000,,100% SHIRT OR CROCHETED,,0,,0.00,,LEXP-0657810-887-23-01-2024,,,,,,,,,,,,,,
CONSUMPTION OF RAW MATERIAL  IMPORTED UNDER SRO 957 (I) 2021 DATED. 30-JULY-2021(EFS-EXPORT FACILTAION SCHEME),,,,,,,,,,,,,,,,,,,,,,
DESCRIPTION OF GOODS,,,"Import 
Hs Code",PER UNIT VALUE,Export Qty Pcs/Ctn/Kg,IOCO Ratio,B/E No,Date,"Import 
Qty",ALREADY CONSUMED,NOW CONSUMED,Balance Qty,Total Consumed Value $,,,,,,,,,
CONSUMPTION OF IMPORTED RAW MATERIAL,,,,,,,,,,,,,,,,,,,,,,
 REACTIVE DYES ,,,3204.1600,16.315,,0.02340,LPAF-FS-48735,3-Apr-24,  425 ,424.0314,0.0000,0.9686,0.00,,,,,,,,,
 DISPERSE DYES  ,,,3204.1110,8.950,,0.00540,KAPS-FS-97518,27-Feb-24,"  5,000 ",3007.6542,0.0000,1992.3458,0.00,,,,,,,,,
 PRINTING GUM  ,,,3809.9110,23.000,0,0.07200,KAPS-FS-117905,16-Apr-24,"  2,000 ",1991.0880,0.0000,8.9120,0.00,,,,,,,,,
 NON-WOVEN INTERLINING ,,,5603.9200,11.250,,0.00760,KAPS-FS-60389,6-Dec-23,"  4,523 ",1413.5612,0.0000,3108.9388,0.00,,,,,,,,,
 KNITTED FABRIC ,,,6006.9090,13.009,,0.01204,LPAF-FS-21939,7-Nov-23,"  8,295 ",4941.1919,0.0000,3347.3185,0.00,,,,,,,,,
 INK ,,,3215.1920,10.000,,0.04688,KAPW-FS-114854,29-Jan-24,"  2,000 ",1987.2656,0.0000,12.7344,0.00,,,,,,,,,
 WETSOFT SILICONE ,,,3910.0000,2.400,0,0.00450,KAPS-FS-101712,7-Mar-24,"  17,100 ",13039.0920,0.0000,4058.4825,0.00,,,,,,,,,
 HYDROGEN PEROXIDE ,,,2847.0000,0.395,0,0.02700,KAPW-FS-154354,8-Apr-24,"  40,800 ",5323.5900,0.0000,35461.8570,0.00,,,,,,,,,
CONSUMPTION OF LOCAL PURCHASED  RAW MATERIAL,,,,,,,,,,,,,,,,,,,,,,
Kieralon Extra LF liq,,,3402.4200,1.772,0,0.00900,HCSE-PF-1213,27-Feb-24,3000.00,2671.8120,0.0000,323.3370,0.00,,,,,,,,,
Sewing Thread,,,5401.1000,11.019,,0.01860,KPEX-PF-194562,7-May-24,27600.46,27754.3062,0.0000,-153.8512,0.00,,,,,,,,,
Label,,,5807.1090,44.421,0,0.00006,KPPE-PF-197684,13-Mar-24,806.06,411.0835,0.0000,394.9402,0.00,,,,,,,,,
SODIUM SULPHATE ANHYDROUS ,,,2833.1100,0.214,0,0.07500,28032024-A-078096,17-Feb-24,120000.00,2798.3250,0.0000,117161.2500,0.00,,,,,,,,,
18,,,,,,,,,,,,,,,,,,,,,,
HS CODE,,DESCRIPTION,,PIECES,,NET NET WEIGHT,,SHIRT OR CROCHETED,,,,,,,,,,,,,,
6105.9000,,80% 20% SHIRT OR CROCHETED,,0,,0.00,,LEXP-0657810-886-23-01-2024,,,,,,,,,,,,,,
CONSUMPTION OF RAW MATERIAL  IMPORTED UNDER SRO 957 (I) 2021 DATED. 30-JULY-2021(EFS-EXPORT FACILTAION SCHEME),,,,,,,,,,,,,,,,,,,,,,
DESCRIPTION OF GOODS,,,"Import 
Hs Code",PER UNIT VALUE,Export Qty Pcs/Ctn/Kg,IOCO Ratio,B/E No,Date,"Import 
Qty",ALREADY CONSUMED,NOW CONSUMED,Balance Qty,Total Consumed Value $,,,,,,,,,
CONSUMPTION OF IMPORTED RAW MATERIAL,,,,,,,,,,,,,,,,,,,,,,
 REACTIVE DYES ,,,3204.1600,16.315,,0.02340,LPAF-FS-48735,3-Apr-24,  425 ,424.0314,0.0000,0.9686,0.00,,,,,,,,,
 DISPERSE DYES  ,,,3204.1110,8.950,,0.00540,KAPS-FS-97518,27-Feb-24,"  5,000 ",3007.6542,0.0000,1992.3458,0.00,,,,,,,,,
 PRINTING GUM  ,,,3809.9110,23.000,0,0.07200,KAPS-FS-117905,16-Apr-24,"  2,000 ",1991.0880,0.0000,8.9120,0.00,,,,,,,,,
 NON-WOVEN INTERLINING ,,,5603.9200,11.250,0,0.00760,KAPS-FS-60389,6-Dec-23,"  4,523 ",1413.5612,0.0000,3108.9388,0.00,,,,,,,,,
 KNITTED FABRIC ,,,6006.9090,13.009,0,0.01204,LPAF-FS-21939,7-Nov-23,"  8,295 ",4941.1919,0.0000,3347.3185,0.00,,,,,,,,,
 INK ,,,3215.1920,10.000,,0.04688,KAPW-FS-114854,29-Jan-24,"  2,000 ",1987.2656,0.0000,12.7344,0.00,,,,,,,,,
 WETSOFT SILICONE ,,,3910.0000,2.400,0,0.00450,KAPS-FS-101712,7-Mar-24,"  17,100 ",13039.0920,0.0000,4058.4825,0.00,,,,,,,,,
 HYDROGEN PEROXIDE ,,,2847.0000,0.395,,0.02700,KAPW-FS-154354,8-Apr-24,"  40,800 ",5323.5900,0.0000,35461.8570,0.00,,,,,,,,,
CONSUMPTION OF LOCAL PURCHASED  RAW MATERIAL,,,,,,,,,,,,,,,,,,,,,,
Kieralon Extra LF liq,,,3402.4200,1.772,0,0.00900,HCSE-PF-1213,27-Feb-24,3000.00,2671.8120,0.0000,323.3370,0.00,,,,,,,,,
Sewing Thread,,,5401.1000,11.019,0,0.01860,KPEX-PF-194562,7-May-24,27600.46,27754.3062,0.0000,-153.8512,0.00,,,,,,,,,
Label,,,5807.1090,44.421,0,0.00006,KPPE-PF-197684,13-Mar-24,806.06,411.0835,0.0000,394.9402,0.00,,,,,,,,,
SODIUM SULPHATE ANHYDROUS ,,,2833.1100,0.214,0,0.07500,28032024-A-078096,17-Feb-24,120000.00,2798.3250,0.0000,117161.2500,0.00,,,,,,,,,
19,,,,,,,,,,,,,,,,,,,,,,
HS CODE,,DESCRIPTION,,PIECES,,NET NET WEIGHT,,SKIRTS,,,,,,,,,,,,,,
6104.5200,,100% SKIRTS,,0,,0.00,,LEXP-0657810-888-23-01-2024,,,,,,,,,,,,,,
CONSUMPTION OF RAW MATERIAL  IMPORTED UNDER SRO 957 (I) 2021 DATED. 30-JULY-2021(EFS-EXPORT FACILTAION SCHEME),,,,,,,,,,,,,,,,,,,,,,
DESCRIPTION OF GOODS,,,"Import 
Hs Code",PER UNIT VALUE,Export Qty Pcs/Ctn/Kg,IOCO Ratio,B/E No,Date,"Import 
Qty",ALREADY CONSUMED,NOW CONSUMED,Balance Qty,Total Consumed Value $,,,,,,,,,
CONSUMPTION OF IMPORTED RAW MATERIAL,,,,,,,,,,,,,,,,,,,,,,
 REACTIVE DYES ,,,3204.1600,16.315,,0.02340,LPAF-FS-48735,3-Apr-24,  425 ,424.0314,0.0000,0.9686,0.00,,,,,,,,,
 DISPERSE DYES  ,,,3204.1110,8.950,,0.00540,KAPS-FS-97518,27-Feb-24,"  5,000 ",3007.6542,0.0000,1992.3458,0.00,,,,,,,,,
 PRINTING GUM  ,,,3809.9110,23.000,,0.07200,KAPS-FS-117905,16-Apr-24,"  2,000 ",1991.0880,0.0000,8.9120,0.00,,,,,,,,,
 NON-WOVEN INTERLINING ,,,5603.9200,11.250,,0.00760,KAPS-FS-60389,6-Dec-23,"  4,523 ",1413.5612,0.0000,3108.9388,0.00,,,,,,,,,
 KNITTED FABRIC ,,,6006.9090,13.009,,0.01204,LPAF-FS-21939,7-Nov-23,"  8,295 ",4941.1919,0.0000,3347.3185,0.00,,,,,,,,,
 INK ,,,3215.1920,10.000,,0.04688,KAPW-FS-114854,29-Jan-24,"  2,000 ",1987.2656,0.0000,12.7344,0.00,,,,,,,,,
 WETSOFT SILICONE ,,,3910.0000,2.400,0,0.00450,KAPS-FS-101712,7-Mar-24,"  17,100 ",13039.0920,0.0000,4058.4825,0.00,,,,,,,,,
 HYDROGEN PEROXIDE ,,,2847.0000,0.395,0,0.02700,KAPW-FS-154354,8-Apr-24,"  40,800 ",5323.5900,0.0000,35461.8570,0.00,,,,,,,,,
CONSUMPTION OF LOCAL PURCHASED  RAW MATERIAL,,,,,,,,,,,,,,,,,,,,,,
Kieralon Extra LF liq,,,3402.4200,1.772,0,0.00900,HCSE-PF-1213,27-Feb-24,3000.00,2671.8120,0.0000,323.3370,0.00,,,,,,,,,
Sewing Thread,,,5401.1000,11.019,,0.01860,KPEX-PF-194562,7-May-24,27600.46,27754.3062,0.0000,-153.8512,0.00,,,,,,,,,
Label,,,5807.1090,44.421,0,0.00006,KPPE-PF-197684,13-Mar-24,806.06,411.0835,0.0000,394.9402,0.00,,,,,,,,,
SODIUM SULPHATE ANHYDROUS ,,,2833.1100,0.214,0,0.07500,28032024-A-078096,17-Feb-24,120000.00,2798.3250,0.0000,117161.2500,0.00,,,,,,,,,
20,,,,,,,,,,,,,,,,,,,,,,
HS CODE,,DESCRIPTION,,PIECES,,NET NET WEIGHT,,SKIRTS,,,,,,,,,,,,,,
6104.5900,,80%-20% SKIRTS,,0,,0.00,,LEXP-0657810-889-23-01-2024,,,,,,,,,,,,,,
CONSUMPTION OF RAW MATERIAL  IMPORTED UNDER SRO 957 (I) 2021 DATED. 30-JULY-2021(EFS-EXPORT FACILTAION SCHEME),,,,,,,,,,,,,,,,,,,,,,
DESCRIPTION OF GOODS,,,"Import 
Hs Code",PER UNIT VALUE,Export Qty Pcs/Ctn/Kg,IOCO Ratio,B/E No,Date,"Import 
Qty",ALREADY CONSUMED,NOW CONSUMED,Balance Qty,Total Consumed Value $,,,,,,,,,
CONSUMPTION OF IMPORTED RAW MATERIAL,,,,,,,,,,,,,,,,,,,,,,
 REACTIVE DYES ,,,3204.1600,16.315,,0.02340,LPAF-FS-48735,3-Apr-24,  425 ,424.0314,0.0000,0.9686,0.00,,,,,,,,,
 DISPERSE DYES  ,,,3204.1110,8.950,,0.00540,KAPS-FS-97518,27-Feb-24,"  5,000 ",3007.6542,0.0000,1992.3458,0.00,,,,,,,,,
 PRINTING GUM  ,,,3809.9110,23.000,,0.07200,KAPS-FS-117905,16-Apr-24,"  2,000 ",1991.0880,0.0000,8.9120,0.00,,,,,,,,,
 NON-WOVEN INTERLINING ,,,5603.9200,11.250,0,0.00760,KAPS-FS-60389,6-Dec-23,"  4,523 ",1413.5612,0.0000,3108.9388,0.00,,,,,,,,,
 KNITTED FABRIC ,,,6006.9090,13.009,0,0.01204,LPAF-FS-21939,7-Nov-23,"  8,295 ",4941.1919,0.0000,3347.3185,0.00,,,,,,,,,
 INK ,,,3215.1920,10.000,,0.04688,KAPW-FS-114854,29-Jan-24,"  2,000 ",1987.2656,0.0000,12.7344,0.00,,,,,,,,,
 WETSOFT SILICONE ,,,3910.0000,2.400,0,0.00450,KAPS-FS-101712,7-Mar-24,"  17,100 ",13039.0920,0.0000,4058.4825,0.00,,,,,,,,,
 HYDROGEN PEROXIDE ,,,2847.0000,0.395,,0.02700,KAPW-FS-154354,8-Apr-24,"  40,800 ",5323.5900,0.0000,35461.8570,0.00,,,,,,,,,
CONSUMPTION OF LOCAL PURCHASED  RAW MATERIAL,,,,,,,,,,,,,,,,,,,,,,
Kieralon Extra LF liq,,,3402.4200,1.772,0,0.00900,HCSE-PF-1213,27-Feb-24,3000.00,2671.8120,0.0000,323.3370,0.00,,,,,,,,,
Sewing Thread,,,5401.1000,11.019,0,0.01860,KPEX-PF-194562,7-May-24,27600.46,27754.3062,0.0000,-153.8512,0.00,,,,,,,,,
Label,,,5807.1090,44.421,0,0.00006,KPPE-PF-197684,13-Mar-24,806.06,411.0835,0.0000,394.9402,0.00,,,,,,,,,
SODIUM SULPHATE ANHYDROUS ,,,2833.1100,0.214,0,0.07500,28032024-A-078096,17-Feb-24,120000.00,2798.3250,0.0000,117161.2500,0.00,,,,,,,,,